{"cameraMode":{"drawMode":0,"name":"Shaded","section":"Shading Mode"},"sceneLighting":false,"audioPlay":false,"sceneViewState":{"showFog":true,"showMaterialUpdate":false,"showSkybox":true,"showFlares":true,"showImageEffects":true,"showParticleSystems":true},"in2DMode":false,"pivot":{"x":493.4016418457031,"y":15.359999656677246,"z":821.3360595703125},"rotation":{"x":0.19544769823551179,"y":-0.030584044754505159,"z":0.006098204292356968,"w":0.9802181720733643},"size":15.759827613830567,"orthographic":false}