{"cameraMode":{"drawMode":0,"name":"Shaded","section":"Shading Mode"},"sceneLighting":true,"audioPlay":false,"sceneViewState":{"showFog":true,"showMaterialUpdate":false,"showSkybox":true,"showFlares":true,"showImageEffects":true,"showParticleSystems":true},"in2DMode":false,"pivot":{"x":503.757080078125,"y":20.36655044555664,"z":832.6166381835938},"rotation":{"x":0.19544769823551179,"y":-0.030584044754505159,"z":0.006098204292356968,"w":0.9802181720733643},"size":30.947494506835939,"orthographic":false}